amostra_sequenciamento;barcode;tag;area_amostrador;ponto;aliquota;otu/asv;n_reads;%_id;taxon
P08;12SrRNA;TB;P2_MC;2;1;4;3;100.0;Sus scrofa
P08;12SrRNA;TC;P2_MC;2;1;7;2;99.26;Equus caballus
P08;12SrRNA;TC;P2_MC;2;1;8;4;100.0;Leopardus pardalis
P08;12SrRNA;TC;P2_MC;2;1;9;2;100.0;Puma concolor
P08;12SrRNA;TF;P2_MC;2;1;1;6;100.0;plant junction region
P08;12SrRNA;TH;P3_MC;3;1;6;4;98.56;Gallus gallus
P08;12SrRNA;TH;P3_MC;3;1;7;6;97.81;Gymnogyps californianus
P08;12SrRNA;TH;P3_MC;3;1;9;4;100.0;Streptopelia decaocto
P08;12SrRNA;TI;P3_MQ;3;1;8;4;100.0;Gallus gallus
P08;12SrRNA;TI;P3_MQ;3;1;9;2;100.0;Nycticorax nycticorax
P08;12SrRNA;TL;P3_MC;3;1;6;3;100.0;Canis lupus familiaris
P08;12SrRNA;TL;P3_MC;3;1;7;3;100.0;Sus scrofa
P08;12SrRNA;TL;P3_MC;3;1;8;2;98.52;Zaedyus pichiy
P08;12SrRNA;TM;P3_MC;3;1;1;4;100.0;Gallus gallus
P08;12SrRNA;TO;P4_MQ;4;1;2;2;99.25;Zaedyus pichiy
P08;12SrRNA;TS;P4_MQ;4;1;11;4;100.0;Gallus gallus
P08;12SrRNA;TS;P4_MQ;4;1;12;5;99.27;Rhea americana
P08;12SrRNA;TS;P4_MQ;4;1;13;2;96.35;Turdus rufiventris
P08;12SrRNA;TX;P4_MC;4;1;3;2;99.26;Canis lupaster
P08;12SrRNA;TX;P4_MC;4;1;4;2;100.0;Nycticorax nycticorax
P08;12SrRNA;TY;P4_MC;4;1;2;2;99.25;Canis aureus
P09;12SrRNA;TA;P4_MC;4;1;3;2;100.0;Canis aureus
P09;12SrRNA;TA;P4_MC;4;1;4;2;100.0;Hydrochoerus hydrochaeris
P09;12SrRNA;TA;P4_MC;4;1;5;2;98.52;Lama guanicoe
P09;12SrRNA;TA;P4_MC;4;1;6;4;97.76;Tapirus terrestris
P09;12SrRNA;TF;P6_MC;6;1;6;4;100.0;Rhea americana
P09;12SrRNA;TF;P6_MC;6;1;7;7;100.0;Sturnira lilium
P09;12SrRNA;TG;P6_MC;6;1;6;7;100.0;Canis lupus familiaris
P09;12SrRNA;TG;P6_MC;6;1;7;4;99.26;Sapajus apella
P09;12SrRNA;TG;P6_MC;6;1;8;6;99.24;Sphiggurus insidiosus
P09;12SrRNA;TG;P6_MC;6;1;9;2;99.25;Tapirus terrestris
P09;12SrRNA;TH;P6_MQ;6;1;10;3;95.56;Callicebus cupreus
P09;12SrRNA;TH;P6_MQ;6;1;11;2;98.52;Canis lupus
P09;12SrRNA;TH;P6_MQ;6;1;12;2;92.65;Hemiodopsis gracilis
P09;12SrRNA;TH;P6_MQ;6;1;13;3;90.3;Myotis adversus
P09;12SrRNA;TH;P6_MQ;6;1;14;2;100.0;Rhea americana
P09;12SrRNA;TH;P6_MQ;6;1;15;2;100.0;Tapirus terrestris
P09;12SrRNA;TK;P6_MC;6;1;13;2;95.56;Callicebus cupreus
P09;12SrRNA;TK;P6_MC;6;1;14;4;100.0;Lama guanicoe
P09;12SrRNA;TK;P6_MC;6;1;15;6;100.0;Leopardus pardalis
P09;12SrRNA;TK;P6_MC;6;1;16;3;100.0;Tapirus terrestris
P09;12SrRNA;TM;P7_MQ;7;1;4;2;99.26;Camelidae sp.
P09;12SrRNA;TS;P8_MC;8;1;3;4;100.0;Rhea americana
P09;12SrRNA;TX;P8_MC;8;1;2;3;100.0;Gallus gallus
P09;12SrRNA;TX;P8_MC;8;1;3;4;100.0;Tapirus terrestris
P09;12SrRNA;TY;P8_MC;8;1;6;2;100.0;Nomascus leucogenys
P10;16SrRNA;TA;P1_MQ;1;1;4;2;100.0;Cavia porcellus
P10;16SrRNA;TA;P1_MQ;1;1;5;2;100.0;Hydrochaeris hydrochaeris
P10;16SrRNA;TA;P1_MQ;1;1;8;2;96.35;Sylvilagus floridanus
P10;16SrRNA;TB;P2_MC;2;1;1;2;93.18;Callicebus lugens
P10;16SrRNA;TB;P2_MC;2;1;3;2;100.0;Canis lupus familiaris
P10;16SrRNA;TB;P2_MC;2;1;5;2;99.24;Sphiggurus insidiosus
P10;16SrRNA;TB;P2_MC;2;1;6;3;100.0;Sus scrofa
P10;16SrRNA;TC;P2_MC;2;1;6;2;94.57;Canis lupus familiaris
P10;16SrRNA;TC;P2_MC;2;1;7;2;100.0;Canis lupus familiaris
P10;16SrRNA;TC;P2_MC;2;1;8;3;96.18;Canis lupus familiaris
P10;16SrRNA;TC;P2_MC;2;1;9;3;96.21;Canis lupus familiaris
P10;16SrRNA;TC;P2_MC;2;1;10;3;99.24;Canis lupus familiaris
P10;16SrRNA;TC;P2_MC;2;1;15;2;100.0;Sphiggurus insidiosus
P10;16SrRNA;TF;P2_MC;2;1;1;3;95.42;Canis lupus familiaris
P10;16SrRNA;TG;P2_MC;2;1;2;2;96.95;Cuon alpinus
P10;16SrRNA;TI;P3_MQ;3;1;3;2;99.28;Hydrochaeris hydrochaeris
P10;16SrRNA;TK;P3_MC;3;1;1;2;100.0;Hydrochaeris hydrochaeris
P10;16SrRNA;TL;P3_MC;3;1;5;2;97.52;Pseudalopex culpaeus
P10;16SrRNA;TL;P3_MC;3;1;8;2;94.07;Sus scrofa
P10;16SrRNA;TL;P3_MC;3;1;9;4;100.0;Sus scrofa
P10;16SrRNA;TM;P3_MC;3;1;2;2;97.83;Bradypus tridactylus
P10;16SrRNA;TM;P3_MC;3;1;4;2;100.0;Sus scrofa
P10;16SrRNA;TN;P3_MC;3;1;4;3;100.0;Sus scrofa
P10;16SrRNA;TO;P4_MQ;4;1;6;2;97.71;Sphiggurus insidiosus
P10;16SrRNA;TP;P4_MC;4;1;1;2;99.26;Bradypus tridactylus
P10;16SrRNA;TP;P4_MC;4;1;2;2;100.0;Canis lupus familiaris
P10;16SrRNA;TS;P4_MQ;4;1;3;5;99.27;Bos taurus
P10;16SrRNA;TS;P4_MQ;4;1;7;2;97.76;Canis lupus familiaris
P10;16SrRNA;TS;P4_MQ;4;1;8;2;100.0;Canis lupus familiaris
P10;16SrRNA;TS;P4_MQ;4;1;9;2;97.81;Chrysocyon brachyurus
P10;16SrRNA;TS;P4_MQ;4;1;17;3;100.0;Sus scrofa
P10;16SrRNA;TS;P4_MQ;4;1;18;5;95.77;Sylvilagus floridanus
P10;16SrRNA;TS;P4_MQ;4;1;19;3;90.65;Tamandua mexicana
P10;16SrRNA;TX;P4_MC;4;1;1;2;93.23;Callicebus lugens
P10;16SrRNA;TY;P4_MC;4;1;2;2;100.0;Hydrochaeris hydrochaeris
P10;16SrRNA;TY;P4_MC;4;1;3;2;97.71;Myocastor coypus
P11;16SrRNA;TA;P4_MC;4;1;3;2;100.0;Hydrochaeris hydrochaeris
P11;16SrRNA;TA;P4_MC;4;1;8;3;100.0;Tapirus terrestris
P11;16SrRNA;TC;P5_MQ;5;1;2;2;99.22;Dasypus sabanicola
P11;16SrRNA;TG;P6_MC;6;1;5;2;96.18;Tapirus terrestris
P11;16SrRNA;TG;P6_MC;6;1;6;4;100.0;Tapirus terrestris
P11;16SrRNA;TH;P6_MQ;6;1;1;4;90.0;Alouatta palliata
P11;16SrRNA;TH;P6_MQ;6;1;3;3;92.48;Callicebus lugens
P11;16SrRNA;TH;P6_MQ;6;1;4;3;92.37;Callicebus nigrifrons
P11;16SrRNA;TH;P6_MQ;6;1;6;2;98.45;Canis lupus familiaris
P11;16SrRNA;TH;P6_MQ;6;1;7;7;99.24;Canis lupus familiaris
P11;16SrRNA;TH;P6_MQ;6;1;9;2;93.23;Cheracebus purinus
P11;16SrRNA;TH;P6_MQ;6;1;11;4;89.31;Hylobates syndactylus
P11;16SrRNA;TH;P6_MQ;6;1;12;4;100.0;Lama glama
P11;16SrRNA;TH;P6_MQ;6;1;15;4;98.47;Plecturocebus moloch
P11;16SrRNA;TH;P6_MQ;6;1;20;7;100.0;Sphiggurus insidiosus
P11;16SrRNA;TH;P6_MQ;6;1;21;3;100.0;Tapirus terrestris
P11;16SrRNA;TI;P6_MC;6;1;1;2;98.4;Plecturocebus moloch
P11;16SrRNA;TK;P6_MC;6;1;7;3;100.0;Chiropotes albinasus
P11;16SrRNA;TK;P6_MC;6;1;11;2;100.0;Lama glama
P11;16SrRNA;TK;P6_MC;6;1;12;2;100.0;Leopardus pardalis
P11;16SrRNA;TM;P7_MQ;7;1;3;2;100.0;Hydrochaeris hydrochaeris
P11;16SrRNA;TO;P7_MC;7;1;2;2;100.0;Lama glama
P11;16SrRNA;TP;P8_MQ;8;1;1;2;100.0;Ateles belzebuth
P11;16SrRNA;TP;P8_MQ;8;1;2;4;98.46;Plecturocebus moloch
P11;16SrRNA;TP;P8_MQ;8;1;3;2;100.0;Sphiggurus insidiosus
P11;16SrRNA;TS;P8_MC;8;1;2;2;99.24;Lama glama
P11;16SrRNA;TS;P8_MC;8;1;4;2;99.26;Tapirus terrestris
P11;16SrRNA;TX;P8_MC;8;1;1;4;97.52;Pseudalopex culpaeus
P11;16SrRNA;TY;P8_MC;8;1;3;7;97.52;Pseudalopex culpaeus
P11;16SrRNA;TY;P8_MC;8;1;4;2;99.23;Puma concolor
P11;16SrRNA;TY;P8_MC;8;1;5;2;100.0;Sphiggurus insidiosus
P11;16SrRNA;TY;P8_MC;8;1;6;2;99.25;Tamandua tetradactyla
